dataFileHandleId,feat1
17317889,1
17301510,1
17285131,0
17301516,1
17285134,0
17301520,1
17293329,1
17285138,1
17301522,0
17285140,1
17301526,0
17293336,1
17285145,1
17301528,0
17301532,1
17293342,1
17285153,0
17301537,0
17293348,1
17285160,1
17301546,1
17285164,0
17301552,1
17285170,0
17285172,0
17309750,1
17309752,0
17326136,0
17285176,1
17285178,0
17309756,1
17326140,1
17309758,1
17285182,0
17317947,1
17317949,0
17309762,0
17326146,1
17326148,0
17317953,0
17285190,1
17317955,1
17317961,0
17309770,1
17285196,0
17326157,0
17309774,0
17317965,1
17309776,1
17285200,1
17326160,1
17309779,1
17317972,1
17309782,1
17317974,1
17309786,1
17326170,1
17317978,0
17326173,0
17317980,0
17309794,0
17317986,1
17293414,1
17326182,0
17301607,1
17301608,0
17326186,1
17317990,1
17293420,0
17301613,0
17301615,0
17326192,1
17293426,0
17326194,0
17301619,0
17293432,0
17326200,1
17301625,0
17326203,1
17301633,1
17326212,0
17285254,0
17326215,0
17285256,0
17301639,0
17293450,0
17301643,1
17285260,1
17301645,0
17285262,0
17293456,1
17301648,0
17285267,1
17301651,0
17293462,0
17301655,1
17309848,1
17309850,1
17293468,1
17309853,1
17285276,1
17301661,0
17309856,0
17285282,1
17309860,1
17301669,0
17285286,1
17309867,1
17301675,0
17285294,1
17309872,1
17285296,0
17309874,1
17285300,0
17285302,1
17309879,0
17309881,1
17285306,0
17309884,0
17285315,1
17309893,0
17285321,0
17285325,0
17293534,1
17326302,1
17293536,0
17326305,0
17301729,0
17301731,1
17293540,0
17283639,1
17301735,0
17326312,0
17326313,1
17293546,0
17301737,1
17301741,0
17293552,0
17326321,1
17301747,1
17326324,1
17293560,0
17301755,1
17309948,1
17293566,1
17309950,0
17326334,1
17326337,1
17293570,0
17309954,0
17293572,0
17309956,1
17301762,1
17301766,1
17293576,1
17309961,1
17293578,1
17326346,1
17301768,0
17301772,1
17293582,0
17326351,1
17301774,1
17309969,1
17285394,1
17301778,1
17293588,0
17309973,1
17326357,1
17285396,0
17309976,1
17326361,1
17285400,1
17285402,0
17293596,1
17309980,0
17309982,0
17326367,0
17285406,1
17326369,1
17293602,1
17309987,0
17301792,0
17326373,0
17285414,1
17326375,0
17301798,1
17309995,1
17285420,1
17285424,0
17285430,0
17285432,0
17285436,1
17285438,0
17285442,0
17285450,1
17285456,0
17285462,1
17293656,1
17293658,1
17301851,1
17301852,1
17293662,0
17293664,0
17301857,1
17310050,0
17301859,1
17293668,1
17310052,1
17310056,0
17301865,1
17293675,1
17310059,0
17310063,1
17301875,0
17310070,1
17293689,1
17301882,1
17310075,0
17310077,1
17301888,0
17301890,1
17293699,0
17310083,0
17293701,0
17310085,0
17326469,1
17301894,0
17293705,1
17310090,1
17293707,0
17301896,0
17301902,1
17293711,0
17326481,0
17310098,1
17285522,0
17293717,1
17285525,1
17301912,0
17326489,1
17285529,1
17285531,0
17326493,1
17301918,0
17285536,0
17293731,1
17326501,1
17326503,0
17285546,1
17285552,1
17285557,0
17326518,1
17326523,0
17285564,0
17285566,0
17285571,1
17326532,0
17285572,0
17310150,1
17310152,0
17326537,0
17285577,0
17310156,0
17310158,0
17326545,0
17310162,1
17285587,0
17326547,1
17293783,1
17293785,0
17310170,0
17326554,1
17326556,0
17293789,0
17310173,0
17293791,0
17310176,1
17285598,0
17285594,1
17301984,0
17310180,1
17293797,0
17310181,0
17301986,1
17326568,1
17301990,1
17310186,1
17293803,0
17326572,1
17301992,0
17301998,0
17293807,1
17317885,0
17310194,1
17293813,0
17302008,0
17293818,0
17293821,1
17302014,0
17293825,1
17293826,1
17302020,1
17302021,0
17293833,0
17302026,0
17302028,0
17293839,0
17302034,1
17293843,1
17293850,1
17285660,0
17302044,0
17285662,0
17302050,1
17285666,0
17285668,1
17310246,1
17310248,1
17285672,0
17310252,1
17310254,0
17285680,1
17310258,1
17285686,1
17310266,0
17285690,1
17310269,0
17310272,0
17285696,0
17285698,1
17310276,1
17310278,1
17285702,1
17285704,0
17310282,1
17285707,0
17310290,1
17285716,1
17326678,0
17326680,0
17302105,1
17285722,1
17302107,0
17285726,1
17293919,0
17326686,1
17293921,0
17326689,0
17302111,1
17302113,0
17293925,1
17293927,0
17326696,1
17302120,0
17326700,1
17293933,0
17302130,0
17293939,1
17326710,0
17293943,1
17326712,0
17302136,0
17293949,1
17302142,1
17302144,1
17293955,0
17326724,1
17293957,1
17302148,1
17310343,0
17326727,1
17293961,1
17310345,1
17293963,1
17302151,0
17310350,0
17302159,0
17310352,0
17293969,0
17326737,0
17310356,1
17326740,0
17285781,1
17293975,0
17285783,1
17302169,0
17293979,1
17310364,0
17326747,0
17285787,1
17302175,1
17310368,1
17293985,0
17310370,0
17326752,0
17285789,0
17310373,0
17285793,1
17310376,1
17285801,0
17310380,1
17326764,1
17285807,1
17326768,0
17285811,1
17310388,0
17285817,1
17285819,0
17285823,1
17285825,1
17285829,0
17285837,0
17285843,0
17302229,0
17294038,1
17285847,0
17302231,0
17294041,0
17302235,1
17294045,1
17302237,1
17294047,1
17302243,1
17294053,1
17310440,1
17294060,1
17302253,0
17310446,1
17294064,0
17302259,0
17294069,0
17310455,1
17302265,0
17302266,1
17310459,1
17294076,1
17294078,0
17302271,1
17310465,0
17294082,0
17302273,0
17294084,0
17310471,0
17302279,1
17294090,1
17310479,0
17294096,1
17326864,1
17285904,0
17285906,0
17294100,0
17285909,1
17310483,1
17302295,0
17285912,0
17294105,0
17326873,0
17285916,1
17285924,0
17285930,1
17326893,0
17285935,0
17285941,0
17285943,0
17326904,0
17285947,1
17285949,1
17326913,0
17285953,0
17310537,0
17285962,0
17302350,1
17310543,1
17294160,1
17294161,0
17285969,1
17302352,1
17326932,1
17285973,1
17294166,0
17302356,1
17294168,1
17302358,1
17310555,0
17302365,0
17294174,1
17310561,0
17294180,1
17310567,0
17294184,0
17302375,0
17283767,1
17302381,0
17294190,0
17310579,0
17294196,0
17302387,1
17294198,0
17302389,1
17302393,1
17294202,1
17294203,1
17302395,1
17302401,1
17294210,1
17294216,0
17302410,1
17286028,0
17294220,1
17286030,1
17286034,1
17294226,1
17286036,1
17302418,1
17286042,0
17286048,1
17286052,1
17284262,1
17286058,0
17310636,1
17310638,0
17286064,0
17286066,0
17310642,0
17310644,0
17286069,1
17286072,1
17310650,1
17327037,1
17286078,1
17310654,1
17286084,0
17327045,0
17310660,1
17310662,0
17286088,1
17294281,1
17310666,0
17294283,1
17310668,0
17302474,0
17286094,1
17294287,0
17302477,0
17294289,0
17310674,0
17302481,0
17302483,0
17294295,0
17327063,0
17310679,0
17302489,0
17294301,0
17294305,1
17327073,0
17302499,0
17327079,0
17294312,0
17302505,1
17294319,0
17302512,1
17294321,0
17302513,0
17308218,1
17294325,1
17294326,1
17327095,1
17302518,0
17302520,0
17294334,0
17302526,1
17308220,0
17294340,0
17302536,1
17294345,0
17302542,1
17294351,0
17310734,0
17286161,0
17310736,0
17286163,0
17310740,1
17310742,0
17286167,1
17308225,1
17286169,0
17321251,0
17310748,0
17286175,1
17310752,0
17284267,0
17308227,1
17286181,0
17310758,1
17310760,1
17286185,0
17310764,0
17310766,0
17286191,1
17310772,1
17286198,0
17286200,1
17310776,0
17286204,0
17321258,1
17286206,1
17286212,0
17302597,0
17302599,0
17294408,1
17286218,0
17294410,0
17302603,1
17302605,0
17286222,1
17294414,1
17294416,1
17327184,1
17302611,0
17286228,0
17294422,0
17302617,0
17327195,0
17294428,0
17302621,1
17294432,0
17302627,0
17294437,1
17302633,1
17302635,0
17294444,1
17294446,0
17310830,1
17310832,1
17327215,0
17294450,1
17302638,0
17294452,0
17310836,1
17310838,1
17302641,0
17302647,0
17321270,1
17294458,1
17310844,1
17327229,1
17302653,0
17294463,1
17310848,0
17302657,0
17294468,0
17310854,0
17327239,1
17310856,0
17302663,0
17294474,1
17286284,1
17310860,0
17286286,1
17310862,0
17286289,0
17321275,0
17286292,0
17310868,0
17310872,0
17286299,1
17327263,1
17286304,1
17319073,0
17319076,0
17286309,1
17286315,1
17319083,1
17319087,1
17286322,0
17286324,1
17286328,0
17319096,1
17286330,1
17286336,1
17294528,1
17294530,0
17319107,1
17286342,1
17294534,1
17294536,0
17286346,1
17294542,0
17302735,1
17286352,1
17302737,0
17319119,0
17319121,1
17294548,0
17302743,1
17294552,0
17302745,0
17319129,1
17319130,1
17310941,0
17294558,1
17302751,0
17310944,0
17319139,0
17294564,0
17310948,0
17294566,0
17310950,1
17302756,1
17302761,0
17294570,0
17294571,1
17310955,0
17319144,0
17302767,0
17310961,1
17294578,0
17302773,1
17310967,1
17294584,0
17310969,0
17327352,0
17302775,1
17294588,1
17310973,0
17302779,1
17310975,1
17302781,1
17294594,1
17327363,0
17302787,1
17310981,0
17327365,1
17302792,0
17310985,0
17286410,0
17286412,1
17302797,0
17286416,1
17286418,0
17302803,1
17327382,1
17286424,0
17286430,0
17286434,1
17327396,0
17286440,1
17286446,0
17286448,1
17327410,0
17286452,1
17286454,1
17286460,0
17311039,0
17311041,0
17286466,1
17311045,1
17286470,1
17294662,1
17294664,1
17311046,1
17327429,0
17302856,0
17286476,1
17294668,1
17294670,0
17311053,1
17302859,1
17311057,1
17302863,1
17302865,1
17294676,1
17311063,1
17302871,1
17311065,0
17294682,1
17319260,1
17294686,0
17311071,0
17302879,0
17319265,0
17302882,0
17311075,0
17294692,1
17283867,1
17319271,0
17302889,0
17283869,1
17294699,1
17311083,1
17294701,0
17319275,0
17311087,0
17302895,1
17302897,0
17294706,0
17294707,0
17302901,0
17302903,1
17294714,1
17302909,0
17294720,1
17301784,0
17286530,1
17302915,1
17286532,1
17294724,1
17302919,0
17286536,1
17286538,0
17294730,0
17302925,1
17286544,1
17286550,0
17286554,0
17286560,0
17286567,0
17311143,1
17286569,0
17311145,1
17283881,0
17286573,1
17286574,1
17311149,1
17311151,1
17327537,0
17286581,0
17311157,1
17327544,0
17311161,1
17286587,0
17286591,0
17311167,0
17294785,1
17311169,0
17294787,0
17302979,0
17286597,1
17311173,1
17294791,0
17311175,1
17294793,1
17302981,0
17302986,1
17302988,0
17311181,0
17283887,0
17294799,0
17327568,1
17311185,0
17302994,0
17294805,1
17319381,0
17303000,0
17294809,1
17303004,0
17294815,0
17327585,0
17303010,1
17319395,1
17294821,0
17294822,0
17303018,0
17294827,0
17294828,0
17327596,1
17303020,0
17303024,1
17303026,1
17294835,0
17303032,1
17294841,0
17319418,0
17286652,1
17294845,0
17286654,0
17303038,0
17319423,1
17286657,0
17294850,0
17303042,1
17286660,0
17319430,0
17303047,0
17311242,1
17286667,1
17311244,1
17327629,0
17319434,0
17311247,1
17286673,1
17311251,0
17286677,1
17319449,0
17311258,1
17286683,1
17311262,0
17283905,0
17286689,1
17286691,1
17311268,0
17319460,1
17311270,0
17286695,0
17286697,0
17311274,1
17311276,1
17286703,1
17311282,1
17286709,0
17311286,1
17286713,1
17294907,1
17294909,1
17286719,0
17303104,0
17294913,1
17303106,0
17294915,0
17308335,0
17303110,1
17303112,1
17294921,1
17308337,1
17294926,1
17303118,1
17294931,1
17303123,1
17294937,0
17303129,1
17294943,0
17303135,1
17294945,0
17327715,1
17294949,1
17294951,0
17303143,1
17303145,1
17327723,1
17294957,0
17311341,1
17311343,1
17303149,1
17303151,1
17308344,1
17294963,1
17311347,1
17286773,1
17303157,1
17286775,1
17294967,1
17327738,1
17286779,1
17303163,0
17286781,1
17294973,1
17303167,1
17311360,0
17286787,0
17303173,1
17311366,1
17327750,0
17311368,1
17286793,0
17311372,1
17286797,0
17327761,0
17286803,0
17311380,1
17311384,1
17286809,0
17286811,1
17286817,0
17286819,1
17308355,0
17319591,1
17327784,1
17286825,1
17319594,0
17286831,0
17286834,1
17295027,0
17319603,0
17295029,0
17308358,1
17319607,1
17286841,1
17295033,1
17295035,1
17303230,1
17303232,1
17295041,0
17303236,0
17319621,1
17303238,0
17295047,1
17308361,1
17295051,1
17303244,1
17311439,1
17295057,0
17303250,1
17308364,1
17311446,1
17295063,1
17295064,0
17303254,1
17319638,0
17303260,1
17295069,1
17295071,0
17303266,1
17311460,0
17295077,0
17303268,1
17303272,0
17303274,0
17295083,1
17319659,0
17319662,1
17295088,1
17311473,1
17303280,0
17295094,0
17303286,0
17311480,0
17319673,1
17286906,1
17303291,0
17286909,1
17319679,1
17303297,1
17286914,1
17286916,1
17311496,1
17286921,0
17319691,1
17286928,1
17327889,1
17286932,1
17327893,1
17283646,1
17319704,0
17286938,0
17327899,1
17286944,1
17327905,0
17286946,0
17286950,1
17286952,0
17327916,1
17295149,0
17286958,1
17295151,1
17286964,0
17295156,1
17295158,0
17286968,1
17327931,1
17295164,1
17303357,0
17286974,0
17303359,1
17311553,0
17295171,1
17303363,0
17303365,0
17295175,0
17311559,0
17327944,0
17327946,1
17303371,1
17295181,1
17327952,0
17303377,1
17295187,1
17327956,0
17295189,1
17303381,0
17311575,1
17295193,0
17303386,1
17295195,1
17327964,0
17311581,1
17295201,1
17303393,0
17327971,1
17311588,0
17303395,0
17295207,0
17303399,0
17303401,0
17295211,0
17303407,0
17295217,0
17311601,0
17287028,1
17303413,0
17287030,0
17287034,0
17303418,0
17287036,1
17303425,0
17287042,0
17319815,1
17287048,1
17319819,0
17287052,1
17287058,0
17319827,1
17319831,0
17287064,1
17287066,0
17287070,0
17287072,1
17319840,0
17287078,1
17295271,0
17295273,1
17319850,1
17287084,1
17295277,1
17283984,0
17295279,0
17287088,1
17283985,0
17311667,0
17311669,1
17287094,1
17295286,0
17319861,1
17319866,0
17328059,1
17295292,0
17311677,0
17328063,0
17295296,1
17319872,1
17311682,1
17303493,1
17295302,0
17328071,1
17311688,0
17303495,0
17319879,1
17303499,0
17295308,0
17311692,0
17295310,0
17328077,1
17303501,0
17319887,0
17295314,0
17311698,0
17295316,0
17311700,0
17328085,1
17303507,0
17311704,0
17303513,1
17295322,1
17311707,1
17319895,0
17303518,0
17328095,0
17295328,1
17295332,1
17311716,1
17303524,0
17311720,1
17303530,0
17295339,0
17287148,0
17328107,1
17287150,0
17328109,1
17303532,1
17287153,1
17303535,1
17328115,1
17287156,0
17328116,1
17303538,1
17303544,1
17287162,1
17328125,1
17303550,1
17287168,1
17303554,0
17287172,0
17328132,0
17303560,1
17287178,0
17287184,0
17287186,0
17287190,1
17287192,1
17287200,0
17287208,0
17319979,1
17287213,1
17295406,0
17319982,0
17295408,1
17311794,1
17295412,1
17311796,0
17287222,0
17295414,0
17311800,0
17319988,1
17311802,1
17319991,0
17295420,1
17303615,1
17311808,0
17303617,0
17295426,1
17319999,0
17295429,1
17311813,0
17303622,0
17303624,1
17320008,1
17311819,1
17295436,0
17311821,0
17303630,0
17311825,0
17295442,1
17311827,0
17295444,0
17328212,0
17328213,1
17303636,1
17295448,1
17311833,1
17295450,1
17328218,1
17328220,0
17311837,1
17303640,0
17303646,0
17320028,1
17320030,0
17295458,0
17328229,1
17303654,1
17320038,1
17295464,0
17303656,1
17295468,0
17328237,1
17303660,0
17303662,0
17320046,0
17295473,1
17303668,0
17328245,0
17328247,1
17303674,1
17328253,0
17303678,1
17287295,1
17328255,0
17287297,1
17303683,1
17328262,1
17287303,1
17287305,1
17328268,0
17287313,0
17311892,1
17311894,1
17287321,1
17311898,0
17311899,0
17287327,0
17311906,1
17311910,1
17287337,0
17295529,1
17295531,1
17311916,0
17311918,0
17295535,0
17287345,0
17295537,0
17311922,0
17287348,1
17311924,1
17295543,1
17287354,1
17311930,0
17303740,1
17287357,0
17295549,1
17311934,1
17303742,0
17295553,0
17303745,0
17320130,0
17303748,1
17287366,1
17295559,0
17328327,0
17320134,1
17328330,0
17320139,1
17295564,0
17303756,1
17287374,0
17295567,1
17328335,1
17320142,0
17328338,0
17295571,1
17287380,1
17295573,1
17303762,1
17303766,1
17328344,0
17320150,0
17295579,1
17287388,0
17328348,0
17303772,0
17320158,0
17295585,1
17303778,0
17328355,1
17328356,0
17295589,0
17303780,1
17303784,0
17328361,1
17303786,1
17295595,1
17328363,1
17320168,1
17320172,1
17303792,1
17328369,1
17320178,1
17320180,0
17311990,0
17328375,0
17311992,0
17303798,1
17303802,0
17311996,1
17311998,1
17303807,1
17320190,1
17312004,1
17312008,0
17320200,1
17312014,0
17312016,0
17312020,1
17312022,1
17312029,1
17295649,0
17312033,0
17295651,0
17295655,0
17287465,1
17295657,0
17287468,0
17295663,1
17287474,1
17287476,0
17295669,1
17303862,0
17303864,0
17295673,1
17287484,1
17303868,0
17303869,0
17295679,1
17287492,0
17295685,1
17303876,1
17328455,0
17295688,1
17287498,0
17328458,1
17295692,1
17303882,1
17295694,0
17303885,0
17328464,1
17287505,0
17295700,0
17328469,1
17303892,0
17312087,0
17312089,0
17295706,1
17287515,1
17303898,1
17287517,1
17295710,0
17312093,1
17312095,0
17328479,0
17303900,1
17287523,1
17295716,0
17287525,1
17312100,1
17303905,1
17303907,1
17312105,0
17328490,1
17303913,1
17320296,1
17287535,0
17312111,0
17312113,1
17303919,0
17328500,1
17312117,1
17287542,1
17312118,0
17328503,0
17303924,0
17303930,1
17320315,0
17287548,0
17312125,1
17328510,1
17312129,1
17328513,1
17287556,1
17320327,1
17328522,1
17320336,1
17328530,0
17295769,1
17295772,0
17295776,1
17295778,1
17320355,1
17295784,0
17295790,1
17303984,0
17303986,1
17295795,1
17303990,0
17303991,1
17295801,1
17312185,1
17312187,0
17303997,0
17295807,1
17312191,1
17295809,1
17312193,1
17295812,0
17304004,0
17295814,0
17312199,0
17304008,0
17312203,1
17295820,0
17287630,0
17304014,1
17312209,0
17295826,1
17312211,0
17287634,1
17304020,1
17304022,1
17295831,1
17287639,1
17312217,0
17287642,1
17312219,1
17304025,0
17295837,0
17304028,1
17312225,1
17328609,0
17287650,0
17304034,1
17312229,0
17328613,0
17304039,1
17328617,1
17287658,0
17304044,0
17328622,0
17287663,1
17304050,1
17328630,0
17287670,1
17328634,0
17287678,1
17328641,0
17287682,0
17328643,1
17287685,0
17328649,1
17287689,1
17328651,0
17287698,0
17295891,0
17295893,1
17295897,1
17287706,1
17295899,0
17312284,1
17328668,1
17312286,0
17287712,0
17295905,1
17312290,0
17328673,0
17312292,0
17320480,0
17295912,0
17287720,0
17312298,1
17304107,1
17295916,1
17304109,1
17312302,1
17320489,1
17295922,0
17304114,1
17312308,0
17304116,0
17312310,0
17320501,1
17295929,0
17295930,0
17312315,1
17304122,0
17312317,0
17320509,0
17295935,0
17304128,1
17295937,1
17312323,1
17304132,0
17295943,0
17312327,0
17320521,1
17304138,0
17295949,1
17304144,0
17295953,0
17304146,0
17320529,0
17304150,0
17295959,0
17304151,1
17320541,0
17304158,0
17328737,0
17328738,1
17304164,1
17320549,0
17304168,0
17328746,1
17328748,1
17304176,0
17328756,0
17328764,0
17312382,0
17312384,0
17287810,0
17312387,0
17328772,1
17287812,1
17312390,1
17328775,0
17287818,0
17312396,1
17287820,0
17296014,0
17328782,1
17296016,1
17312400,1
17328784,0
17287828,1
17296021,0
17312406,0
17296024,1
17312408,1
17328792,0
17312412,1
17287837,1
17296030,0
17312414,0
17328800,1
17287842,1
17312420,0
17296037,0
17284135,1
17312424,0
17287850,1
17296044,1
17320625,1
17296050,0
17287858,0
17304245,1
17287862,0
17304247,1
17296056,0
17320633,0
17296058,0
17287866,0
17304251,1
17287869,0
17296062,1
17304253,0
17296064,1
17304259,0
17296070,0
17287879,0
17284142,1
17304265,0
17296075,1
17287885,1
17304269,0
17320653,1
17296080,1
17287889,0
17280887,1
17304275,1
17296086,1
17287895,0
17320663,1
17304281,0
17304283,0
17312479,0
17304287,1
17312481,1
17304289,1
17320673,1
17312485,1
17312487,0
17304296,1
17312491,0
17280893,1
17304303,1
17312499,0
17304307,0
17320692,0
17312504,0
17304313,0
17312507,0
17312511,1
17312514,0
17312518,1
17328902,1
17328904,0
17328910,0
17287950,0
17287952,1
17328913,1
17284157,1
17312532,0
17287956,0
17287958,0
17328920,1
17296154,0
17296156,1
17287965,0
17328927,0
17296160,1
17296162,0
17287973,0
17296168,0
17328938,0
17287979,0
17328941,1
17296174,1
17287985,1
17296178,0
17328946,1
17304370,1
17328949,0
17304372,1
17287991,1
17296184,0
17287993,1
17304376,0
17304378,0
17328957,0
17296190,0
17287997,0
17296192,1
17287998,0
17304384,0
17328964,0
17296197,0
17288005,1
17296199,0
17304390,1
17320773,1
17304394,1
17288012,1
17296205,0
17320782,0
17288016,0
17304400,1
17296210,0
17288021,1
17304406,0
17296216,1
17304408,1
17320794,0
17304412,0
17312605,1
17304414,0
17296223,1
17312607,0
17320802,1
17312611,1
17304420,0
17312613,1
17312617,0
17304426,0
17320811,0
17304430,1
17304436,1
17320821,1
17312630,1
17312634,0
17316742,0
17312636,1
17312639,0
17312642,0
17316744,0
17312648,1
17320842,0
17280925,0
17288079,1
17288081,1
17329042,1
17296276,1
17312660,1
17329044,0
17296279,0
17288085,1
17288087,0
17329050,1
17296284,0
17329052,0
17296286,0
17288094,1
17288099,1
17296292,1
17316750,1
17329062,1
17288104,1
17296298,0
17304490,1
17304492,0
17329069,1
17296302,0
17288110,0
17304495,0
17304498,0
17296308,0
17288116,1
17288118,0
17329079,0
17304504,1
17296314,0
17329082,1
17296316,0
17288122,0
17288124,1
17329087,0
17296320,0
17304511,0
17296322,0
17329090,1
17288130,0
17304515,0
17296328,0
17288137,1
17329098,1
17312715,0
17304521,1
17312717,0
17296334,0
17288141,0
17304527,0
17312721,0
17296338,1
17312723,1
17329106,1
17288147,0
17304529,0
17304533,1
17296344,0
17304535,0
17312730,1
17320923,0
17304541,1
17320019,0
17312739,1
17304548,0
17320934,1
17312743,1
17304552,0
17312745,0
17312749,0
17304558,0
17312753,1
17320022,0
17312757,1
17320954,0
17312767,1
17320964,0
17288202,0
17288204,1
17296397,0
17320974,1
17296400,0
17288208,1
17288210,1
17296404,0
17296406,1
17329175,1
17288216,0
17329177,1
17296412,0
17329181,0
17288222,1
17329183,1
17288225,1
17296418,0
17320994,0
17296422,0
17329191,0
17304614,1
17288233,0
17304617,0
17296428,0
17304622,0
17329199,1
17288239,1
17288241,1
17296434,0
17304624,0
17296436,0
17288245,1
17304630,0
17288247,0
17296440,1
17296442,1
17312826,1
17312828,0
17329211,1
17329214,1
17288253,0
17312832,1
17304636,1
17296450,0
17312834,1
17329220,0
17288259,1
17312838,1
17329222,0
17296456,0
17288263,0
17304646,0
17296460,1
17288269,1
17312846,0
17304652,0
17304655,1
17296466,0
17312850,1
17312852,0
17329234,1
17304661,0
17312856,0
17312857,0
17329240,1
17304664,0
17312862,0
17304670,0
17304676,1
17312870,0
17304680,0
17304687,0
17321078,1
17321088,0
17288324,0
17288326,1
17296522,1
17288330,1
17296524,1
17288332,1
17296528,1
17296530,0
17288338,1
17321106,1
17288344,1
17296537,1
17312922,1
17288347,1
17312924,1
17321116,1
17296543,1
17312928,1
17312930,0
17296547,0
17288354,1
17312934,0
17321127,0
17288360,1
17296553,1
17329321,0
17329323,1
17288362,1
17304744,0
17312942,1
17296559,0
17288366,1
17296561,0
17312946,1
17329329,1
17312948,1
17296565,1
17329332,0
17296567,1
17312952,0
17288368,0
17312954,1
17288374,1
17329340,1
17288380,1
17296574,1
17312958,0
17288384,0
17304764,0
17304768,1
17321152,1
17296580,0
17329348,0
17312966,1
17288390,1
17296584,1
17304774,0
17304780,1
17296589,0
17329358,1
17304782,1
17329361,1
17304788,0
17329366,0
17304790,1
17329369,0
17304796,0
17329378,0
17304802,0
17304806,0
17329387,1
17304812,0
17288446,1
17288448,0
17313027,1
17296644,1
17288452,1
17296646,0
17288456,0
17313033,1
17296650,0
17296652,1
17313037,0
17313039,1
17288463,0
17296658,1
17321236,1
17288469,1
17321238,1
17313047,1
17296665,0
17288473,1
17321243,1
17296668,1
17321245,1
17288479,0
17313057,0
17296675,1
17304868,0
17313061,1
17313062,1
17304871,1
17288485,0
17296681,0
17288487,1
17313067,0
17296684,1
17313069,1
17304875,0
17304877,1
17296688,0
17313073,0
17296690,0
17304883,0
17288491,0
17288492,0
17288499,1
17321268,0
17296696,0
17313081,0
17304889,0
17329464,1
17329467,1
17304893,1
17296702,0
17288505,1
17329472,1
17288510,1
17296706,0
17304899,1
17329474,1
17288516,0
17321277,1
17321287,0
17296712,1
17329480,0
17304906,1
17304908,0
17329486,0
17321295,1
17304912,0
17304915,1
17329495,1
17304920,0
17329498,0
17304927,1
17329503,1
17284274,1
17329506,1
17304931,1
17304937,1
17329514,0
17284276,0
17329522,0
17313142,1
17313150,0
17284280,1
17296771,0
17313156,1
17296773,0
17288581,0
17288583,1
17296777,0
17296779,1
17288588,1
17288590,1
17313168,0
17296785,1
17288596,1
17313174,1
17296791,0
17296794,1
17288602,0
17313180,0
17288606,0
17296801,1
17288612,1
17296807,1
17296809,0
17288618,1
17296812,1
17288620,0
17321389,1
17305007,0
17296816,1
17305009,1
17288624,0
17288626,1
17321391,1
17321395,1
17305014,1
17296823,1
17305016,0
17288632,0
17321397,0
17296829,0
17305022,0
17288638,1
17321406,0
17296833,1
17288641,1
17329603,1
17305028,1
17321412,1
17329606,0
17296839,1
17305032,0
17288648,0
17329612,0
17305038,1
17329614,1
17321422,1
17321425,0
17305045,0
17329622,1
17305047,0
17321432,0
17305051,1
17321435,1
17305053,0
17313246,1
17329630,1
17305059,0
17321444,0
17313254,0
17329640,1
17305065,1
17329643,1
17313260,1
17305069,0
17321452,0
17305075,1
17329651,1
17329654,1
17313273,0
17329662,0
17313279,0
17288702,0
17288704,0
17288708,0
17313285,1
17329670,0
17288709,0
17296905,1
17296907,0
17288716,1
17296911,1
17296913,1
17288722,1
17288726,1
17296919,1
17296924,0
17288732,1
17296928,1
17281056,0
17288739,0
17288741,0
17296935,0
17305128,0
17288745,0
17305131,1
17288747,0
17296941,1
17296943,1
17305135,0
17305137,0
17288753,1
17296947,0
17296949,1
17305143,0
17288759,1
17296955,0
17288763,1
17305149,0
17296961,0
17305153,1
17288769,1
17313348,1
17296965,0
17313350,0
17305159,1
17321538,1
17321540,1
17313354,1
17296971,0
17313356,1
17305164,0
17321546,0
17305167,1
17313360,1
17321548,1
17305171,1
17305173,0
17313368,0
17321560,1
17329754,0
17305179,1
17313372,0
17329757,1
17313374,0
17313377,1
17305185,1
17329761,0
17313380,0
17329762,1
17305189,1
17321570,1
17313384,1
17329769,1
17305195,1
17321580,1
17329773,1
17321582,0
17313393,0
17329779,0
17321588,0
17329781,1
17321591,1
17329786,1
17288826,0
17329788,0
17288829,0
17321600,1
17297025,1
17329794,1
17297027,1
17288833,1
17288835,0
17329798,1
17297032,1
17288841,0
17297034,1
17321608,1
17288847,1
17297040,0
17288851,0
17297046,1
17288857,1
17297050,1
17288863,1
17297056,0
17288865,1
17305253,1
17297062,0
17297063,0
17305254,1
17288869,1
17305258,0
17288871,1
17297068,1
17305261,1
17297070,1
17288877,1
17313457,0
17288882,0
17305267,1
17313461,0
17297077,1
17288887,0
17313465,1
17305273,0
17313467,0
17297083,0
17305277,0
17288894,0
17313471,1
17297087,1
17305283,1
17297092,1
17313479,0
17329863,1
17329865,0
17305289,0
17313483,1
17305291,0
17313485,1
17305295,0
17329872,0
17313489,1
17305297,0
17313491,1
17329875,1
17321680,0
17321683,0
17313495,0
17305303,1
17321689,1
17321691,0
17329884,0
17305309,1
17313502,1
17305312,1
17329892,1
17321701,0
17305319,1
17329901,1
17321710,0
17329904,1
17329909,1
17288949,0
17329911,1
17288951,1
17321721,1
17288955,1
17321723,0
17288957,1
17329920,1
17297153,0
17321730,1
17297155,0
17288963,0
17321732,1
17329927,1
17297159,0
17297161,0
17288969,1
17321739,1
17288972,1
17321745,1
17288979,0
17313556,0
17313558,1
17288985,1
17313562,1
17313564,1
17288988,1
17305374,1
17313568,0
17305377,1
17288992,1
17288994,0
17305381,0
17305383,1
17289000,0
17313577,1
17313581,0
17289006,0
17313583,1
17305391,1
17313586,1
17289010,1
17305397,0
17313590,0
17289016,0
17305401,1
17313594,0
17305407,0
17313602,0
17305413,0
17305415,0
17305419,0
17305421,0
17305427,1
17330005,1
17330007,1
17305432,0
17321816,1
17321819,1
17305437,1
17330014,1
17330016,0
17305443,0
17321830,0
17330025,0
17302288,1
17321833,1
17284378,0
17330030,1
17289072,0
17289073,1
17280885,1
17289078,1
17313655,1
17330039,1
17289080,0
17313658,0
17330042,0
17321846,0
17289085,0
17313662,0
17330047,0
17313664,0
17321852,1
17330050,1
17280891,1
17289092,0
17313669,1
17321860,0
17280897,1
17289096,0
17280904,0
17330058,0
17321865,0
17289101,0
17313678,1
17321871,1
17280911,0
17330065,0
17313682,1
17280915,0
17313684,1
17289108,1
17289110,0
17321875,1
17313688,0
17313690,0
17289114,1
17305500,0
17289116,1
17313694,1
17305503,0
17321883,0
17280923,1
17289122,0
17305507,1
17321892,0
17305509,1
17313702,0
17280929,1
17289128,0
17280931,0
17280935,0
17305515,0
17289132,0
17280943,0
17305522,0
17289138,0
17280949,1
17305528,0
17280953,1
17305535,0
17284395,0
17305541,1
17305543,1
17305547,1
17305549,0
17305555,1
17305561,1
17313754,0
17284400,0
17313756,0
17305565,0
17313760,0
17313762,1
17305571,0
17313765,0
17330149,0
17289191,1
17330152,0
17284403,0
17289194,1
17289197,0
17313774,1
17330158,0
17289200,1
17330160,1
17313778,0
17313780,1
17321973,1
17289206,1
17313784,1
17330168,0
17313786,0
17289211,1
17321976,1
17281019,1
17313790,0
17330175,1
17289216,1
17321982,0
17321984,1
17281021,0
17281025,0
17281027,1
17289222,1
17313798,1
17281032,0
17284388,1
17330186,0
17321994,1
17289228,1
17330189,0
17289230,1
17281040,0
17289234,0
17330194,1
17289236,0
17330197,0
17322003,1
17281046,0
17281049,1
17289242,1
17305626,1
17330204,0
17305628,0
17322014,0
17289248,1
17305632,1
17305634,0
17322016,0
17289252,1
17330212,1
17322022,0
17322023,0
17305640,0
17289257,1
17281058,1
17281062,0
17281064,0
17305646,1
17281070,0
17305650,0
17322034,0
17281079,1
17322040,1
17305657,1
17313852,0
17313854,1
17305662,0
17281087,1
17305665,1
17313858,0
17313860,0
17305669,1
17281094,1
17313864,0
17305672,0
17305678,0
17313872,0
17313876,1
17305684,1
17313878,1
17305688,1
17313882,0
17313884,0
17305695,0
17313888,1
17313896,0
17289327,0
17289330,1
17330293,0
17289334,1
17330295,1
17289336,0
17330301,1
17289343,1
17330303,0
17289349,0
17330312,0
17289353,0
17330317,1
17289359,0
17322129,1
17281170,1
17281180,1
17289365,1
17322133,1
17289367,0
17330327,0
17281174,0
17281178,1
17289371,0
17330331,1
17289373,1
17322139,1
17313951,1
17330336,1
17313953,0
17305761,1
17289379,1
17330339,1
17313957,1
17305763,0
17313959,1
17305766,1
17289385,1
17305769,1
17313963,1
17330347,1
17289389,1
17281198,0
17305775,1
17322151,0
17322156,0
17281186,0
17289395,1
17313971,0
17330356,0
17305782,0
17313975,0
17281207,1
17313977,1
17305786,1
17322165,0
17322167,1
17313981,1
17313982,0
17322172,0
17305792,0
17322174,1
17281215,1
17313987,1
17281217,0
17281221,1
17322183,0
17305800,0
17281223,1
17305802,1
17313995,0
17281228,1
17305807,0
17322191,1
17305809,0
17281237,0
17305815,0
17281243,0
17305821,0
17281247,1
17305825,0
17305831,0
17289449,1
17289451,0
17289455,0
17289457,0
17289462,1
17289469,0
17289473,0
17314050,0
17314052,1
17289479,0
17314056,1
17314058,0
17281204,0
17289486,1
17314062,1
17289488,0
17289493,1
17314070,1
17289495,0
17314075,0
17289501,1
17314077,1
17305887,1
17305888,1
17314081,1
17289507,1
17314083,1
17305893,0
17289511,0
17314087,1
17305895,0
17281322,0
17320288,0
17289517,0
17305901,0
17314095,1
17281325,0
17305907,1
17281334,0
17305911,0
17322297,1
17281338,1
17322299,1
17305917,1
17317035,0
17281343,1
17322305,1
17305923,0
17322308,0
17305925,1
17317037,0
17305929,0
17305931,1
17322318,1
17281359,0
17305937,1
17305943,0
17322330,0
17305947,0
17281372,0
17281377,0
17305954,0
17289571,0
17289573,0
17322341,1
17314151,1
17322344,0
17289577,1
17314153,1
17289579,1
17314157,1
17322349,1
17314159,0
17322352,0
17289585,1
17281391,0
17281397,0
17289591,0
17314167,0
17322360,1
17289595,1
17314172,1
17281407,1
17322368,0
17289601,0
17314178,0
17281410,1
17314180,1
17289607,0
17314184,1
17289609,1
17281416,1
17314187,1
17289613,1
17289615,0
17314194,1
17289621,1
17314198,1
17281431,1
17306010,0
17289627,1
17306012,1
17289631,0
17306016,0
17281441,1
17306018,1
17289637,1
17281447,0
17306024,1
17306031,0
17306034,1
17306041,0
17306047,0
17306049,0
17306053,1
17306055,1
17306061,0
17314254,0
17314256,1
17306067,1
17314259,1
17314262,1
17306071,0
17289691,1
17314267,0
17306077,1
17289694,0
17322460,1
17314272,1
17289697,0
17322463,0
17284407,1
17289700,0
17314277,0
17322469,0
17314280,0
17322473,0
17289706,0
17314284,1
17314286,1
17289712,1
17322481,0
17289716,1
17314292,1
17314296,0
17289722,1
17322491,1
17289727,1
17289730,0
17322500,1
17289734,0
17322502,1
17289736,0
17281543,1
17281547,1
17322508,0
17289742,0
17322510,1
17281554,1
17306131,0
17289748,0
17306133,0
17322518,0
17281558,0
17289752,1
17306137,1
17306139,0
17322524,0
17281565,0
17289759,0
17306145,1
17306151,0
17281578,1
17306156,1
17314352,0
17314353,0
17306162,0
17314358,1
17281590,1
17314360,1
17306168,1
17306170,0
17314366,0
17306174,1
17306176,1
17281598,0
17314370,1
17306182,0
17314376,1
17314378,1
17281611,0
17306189,1
17314382,1
17281613,1
17314384,0
17306193,0
17281620,1
17289814,1
17306199,1
17314390,1
17289817,1
17314394,0
17281624,1
17289821,0
17289823,0
17281634,0
17289829,1
17289835,1
17289839,1
17281648,1
17322612,0
17289845,1
17322615,0
17281655,1
17289851,0
17289853,1
17281662,0
17322622,0
17322625,1
17322634,1
17306252,1
17306255,1
17306258,0
17322642,1
17314452,1
17306260,0
17314454,0
17314457,0
17306266,1
17322651,1
17314460,0
17322654,1
17306273,1
17314466,0
17322659,1
17306277,1
17314470,1
17322664,1
17306283,0
17314477,1
17322670,0
17314479,1
17306289,0
17322674,0
17314483,1
17306291,0
17314485,1
17306295,1
17306297,0
17314492,0
17306303,1
17314496,0
17306309,1
17306313,0
17306319,1
17281760,1
17281762,1
17281769,0
17281772,1
17289967,1
17289969,0
17281777,0
17314550,1
17289975,0
17314552,1
17322745,0
17322746,0
17314556,1
17289981,0
17314558,1
17281788,0
17322752,0
17289985,0
17322755,1
17314564,0
17289990,0
17281798,1
17314568,1
17306377,1
17322762,1
17306379,1
17281803,1
17314574,0
17306383,0
17314576,0
17306385,0
17322769,1
17314580,1
17306389,1
17314582,1
17281813,0
17281816,1
17306395,1
17314588,0
17322779,0
17322782,0
17281819,0
17281822,1
17314593,0
17281827,1
17322788,0
17306405,0
17322791,1
17306411,1
17281838,0
17306415,0
17322799,1
17306417,1
17306421,1
17322807,0
17306424,1
17281851,1
17306428,0
17290046,0
17290048,1
17306434,0
17290051,0
17281858,1
17290054,0
17306442,0
17290060,1
17306448,0
17290066,0
17290070,0
17290076,0
17290082,0
17290084,1
17290088,0
17314664,1
17290090,0
17314666,0
17314670,1
17290096,1
17314676,1
17290103,1
17290107,0
17314683,0
17314688,0
17290113,0
17314694,1
17314696,0
17322890,1
17314700,0
17322892,1
17314702,0
17306513,1
17322898,1
17306515,0
17314707,0
17322900,1
17314710,1
17306519,0
17306521,1
17306525,0
17322909,1
17281951,1
17281954,0
17306532,0
17322916,1
17281961,0
17281964,0
17306541,1
17322928,0
17306547,0
17322931,1
17281971,0
17306551,0
17322935,0
17306553,1
17322939,1
17306557,0
17306559,1
17290179,1
17306563,0
17322948,1
17290182,1
17306569,0
17290186,0
17322955,0
17290188,1
17281997,1
17314766,1
17306577,0
17290194,0
17314769,0
17282004,1
17314773,0
17306583,0
17314775,0
17290201,1
17290205,1
17314781,1
17282016,0
17314785,1
17290211,1
17282019,0
17314790,1
17290217,0
17314793,0
17290219,1
17282026,1
17314797,0
17282030,0
17290223,0
17314799,0
17290225,0
17282037,0
17314806,1
17290231,1
17314810,0
17290237,0
17317643,1
17290241,0
17282054,1
17290247,1
17282058,0
17306636,1
17306638,1
17306642,0
17306643,1
17306648,1
17306654,0
17323042,0
17323045,0
17306663,0
17323050,0
17306669,1
17323053,1
17306673,1
17314865,0
17306675,1
17314867,0
17323062,1
17306679,0
17306680,1
17314871,0
17314873,1
17290302,0
17290303,1
17306686,1
17314879,0
17323070,1
17314883,0
17290308,1
17306692,1
17290310,0
17314890,0
17323082,0
17290316,0
17306700,1
17314892,0
17323085,1
17314896,1
17306706,1
17290323,0
17314898,0
17323090,0
17323093,0
17290327,1
17314904,1
17314908,0
17290333,0
17323102,1
17290339,1
17299285,1
17290341,0
17323110,0
17290345,0
17290347,1
17282156,1
17282159,1
17290353,1
17282163,1
17282165,1
17290360,0
17282173,0
17290367,1
17283009,0
17290373,0
17306758,1
17282183,1
17306760,1
17306764,0
17306766,0
17282192,0
17306770,1
17314962,0
17314964,0
17282198,0
17306776,1
17314969,1
17314971,0
17282204,0
17282206,1
17306784,1
17314977,0
17282212,0
17314981,1
17282214,0
17306792,0
17314987,0
17282219,1
17306797,1
17314989,0
17306799,0
17314993,1
17306803,0
17314995,1
17306805,1
17282229,1
17306809,1
17315001,0
17315005,1
17282237,0
17306815,1
17290431,0
17290432,0
17282243,1
17290437,0
17306822,1
17290439,1
17323211,1
17290445,0
17306829,1
17323213,0
17290451,1
17323219,0
17323221,0
17283025,0
17290455,0
17290461,0
17323232,1
17290467,1
17290469,1
17323239,0
17290473,1
17290475,0
17290481,1
17323251,0
17323254,0
17290487,0
17315063,1
17315065,0
17290491,1
17323259,0
17315069,1
17315071,1
17323263,1
17290497,1
17306881,1
17306883,0
17315077,1
17306887,0
17323271,0
17315081,0
17306890,1
17323278,0
17315087,1
17306896,0
17315089,0
17315093,0
17306902,1
17315095,0
17282325,0
17282326,1
17306910,0
17315103,0
17282334,1
17282337,1
17306916,1
17315108,0
17306920,0
17282344,0
17306922,1
17306926,0
17306928,1
17306931,1
17290553,1
17306938,1
17290555,1
17282361,0
17290559,1
17282368,1
17290561,0
17306946,1
17282374,0
17290567,0
17306952,1
17282376,1
17290573,1
17282383,0
17290577,1
17282385,1
17282390,1
17290583,1
17290589,1
17290591,0
17323360,0
17282399,0
17315170,0
17290595,1
17315172,0
17290597,0
17323362,1
17282407,0
17315176,0
17323368,0
17315178,0
17290603,1
17323371,1
17282413,0
17315184,1
17290609,1
17315188,0
17290613,1
17323380,1
17317250,1
17315194,1
17290619,1
17307004,1
17315196,0
17307006,1
17323388,1
17315200,0
17317252,0
17307010,1
17315202,1
17307012,1
17323399,0
17307016,0
17315208,0
17323401,0
17315212,1
17307022,0
17323407,1
17323410,1
17307030,1
17323419,0
17307036,0
17307040,0
17322143,1
17307042,1
17323426,0
17307046,1
17307048,1
17307052,1
17307058,0
17290676,0
17290678,0
17290682,1
17307066,1
17290684,0
17307072,0
17290690,0
17315267,1
17315269,0
17290697,1
17315273,1
17315275,0
17282506,0
17290701,0
17282508,1
17282512,1
17315281,0
17282514,0
17290707,1
17315285,0
17282518,1
17290713,1
17290715,0
17315292,0
17290718,0
17315294,1
17290721,1
17315298,1
17315300,1
17282532,0
17290727,0
17282535,1
17315307,1
17290732,1
17315310,1
17282542,0
17290737,1
17282545,0
17323509,1
17307126,0
17290743,0
17307128,0
17323513,0
17282549,1
17282552,1
17282556,1
17307133,1
17307135,1
17323519,0
17323521,1
17307139,1
17307145,1
17323531,0
17282572,1
17317280,1
17307153,0
17282578,0
17323541,0
17307159,0
17307163,1
17307165,1
17307168,0
17323552,1
17307171,0
17323555,0
17307175,1
17323562,0
17323563,0
17307181,1
17290799,1
17290801,1
17315377,1
17315379,0
17307188,1
17290805,0
17323573,0
17315383,1
17290808,0
17315385,0
17317288,0
17307195,1
17323581,0
17290814,1
17315391,0
17317290,1
17315395,1
17290820,0
17290824,0
17315401,0
17315403,0
17290830,0
17315407,0
17315409,0
17290837,1
17290839,1
17315415,0
17282647,0
17282649,0
17290843,1
17315419,1
17290845,1
17317667,1
17282655,1
17282657,0
17290851,0
17282661,1
17290857,1
17290861,1
17290867,1
17282680,0
17307260,0
17307262,0
17282686,1
17307266,1
17307268,0
17307272,0
17282696,1
17282698,0
17307278,1
17323664,1
17315473,0
17282704,0
17315475,1
17323668,0
17282708,0
17307286,1
17315479,1
17323672,0
17315481,1
17282712,0
17323675,1
17307292,0
17315487,0
17307296,0
17307298,1
17315491,1
17323684,1
17307302,1
17307304,1
17315497,0
17282728,1
17307308,1
17315500,0
17323692,1
17282732,1
17315504,1
17307314,0
17315506,1
17323700,1
17290934,1
17290936,1
17315512,1
17323704,1
17307323,0
17290940,1
17315516,1
17290942,1
17323708,0
17307329,1
17323713,0
17290949,0
17290955,0
17323724,0
17290959,0
17323732,1
17290965,1
17290971,1
17290973,0
17290977,1
17290979,1
17290985,0
17282794,0
17282796,0
17290991,0
17315570,1
17290995,1
17315572,0
17282802,1
17307382,1
17282803,0
17307384,1
17291001,0
17315576,0
17315578,0
17307388,1
17282808,0
17307390,0
17315584,1
17307394,1
17315588,1
17307400,0
17282824,1
17315594,0
17315596,1
17282830,0
17307408,1
17315601,0
17315604,1
17307414,1
17282840,0
17282842,1
17307419,0
17315612,1
17307421,1
17282846,0
17282847,0
17315616,0
17307425,0
17307427,0
17323814,0
17307431,0
17299240,1
17282854,0
17323818,1
17299246,0
17307439,0
17323824,1
17291057,1
17299250,1
17291059,0
17323827,0
17291063,1
17307447,0
17291065,0
17299256,0
17282873,0
17323836,1
17291071,0
17307455,0
17299263,1
17299265,0
17282879,0
17291077,0
17299269,1
17323847,1
17299272,1
17291081,1
17291087,1
17299279,0
17323857,1
17291093,0
17315670,1
17291095,0
17315672,1
17323861,0
17291098,0
17323867,0
17291100,0
17315676,1
17315678,1
17323870,1
17299295,1
17299289,1
17291107,0
17315684,1
17323879,1
17315688,0
17291113,1
17291117,1
17315694,0
17323886,1
17315696,1
17291123,1
17307508,1
17315700,0
17307510,0
17315701,1
17307514,1
17307516,1
17315708,1
17307520,0
17315712,1
17307526,1
17282950,1
17282952,1
17307534,0
17282958,1
17282962,1
17307540,0
17299349,0
17299351,1
17307544,1
17282969,0
17307546,0
17299355,1
17299357,1
17307550,1
17307552,1
17282978,0
17299363,0
17307557,1
17282982,1
17291177,1
17307562,0
17291179,1
17299369,0
17299373,0
17282988,0
17291183,0
17291186,1
17307571,0
17299380,1
17282994,0
17315766,1
17282996,0
17315768,0
17307577,1
17291194,1
17299386,1
17315772,0
17299388,0
17315774,0
17283000,1
17291200,1
17299392,0
17299394,0
17283002,0
17291204,0
17315780,1
17323974,1
17283015,1
17315784,0
17291209,0
17323977,0
17299400,0
17283019,1
17315790,0
17323983,0
17291216,0
17315792,1
17291218,0
17323985,1
17315796,1
17299406,0
17291222,0
17315798,1
17291224,1
17299415,1
17323994,1
17299410,0
17315804,1
17291230,1
17315808,0
17324001,0
17291236,1
17291240,1
17307628,1
17324012,1
17324014,0
17291247,1
17307631,1
17307635,0
17324020,1
17307637,1
17324023,1
17307641,0
17307647,0
17324031,1
17324038,0
17307655,1
17307660,0
17299470,0
17299472,1
17307665,1
17307666,0
17299476,1
17283093,1
17307670,1
17299478,1
17315864,0
17307673,0
17315866,0
17283094,0
17299484,1
17307677,1
17315870,1
17283099,0
17315872,0
17283101,1
17299490,0
17307683,0
17283107,0
17291302,0
17299494,0
17291304,0
17315878,0
17283113,0
17307691,0
17291308,0
17299500,0
17291310,1
17315887,0
17283117,1
17307697,0
17299506,0
17283123,0
17291316,1
17299508,0
17315895,0
17299512,1
17283129,1
17291322,1
17299514,1
17315898,1
17283131,1
17291326,0
17315903,1
17299520,1
17283135,0
17283137,1
17315907,0
17291332,1
17299526,0
17283143,1
17315913,1
17299530,0
17291339,1
17291341,0
17283150,1
17315919,0
17299536,0
17291345,0
17283154,0
17291347,0
17283160,1
17291353,1
17291359,0
17291363,1
17324133,1
17307752,1
17291369,1
17324137,1
17307755,1
17324142,0
17307760,0
17324145,1
17307762,0
17307767,0
17324157,1
17307774,0
17324165,0
17307782,1
17299589,1
17299592,1
17299596,1
17307789,0
17299598,0
17324175,1
17283216,0
17324177,0
17307794,1
17283218,0
17307796,1
17299604,1
17283222,1
17324183,0
17307800,1
17324185,0
17299610,1
17307803,1
17315991,0
17315993,0
17299614,1
17307807,1
17315997,0
17291425,0
17315998,0
17291427,1
17324196,0
17299620,0
17307814,1
17291431,1
17316007,1
17291433,0
17299626,1
17316011,1
17299628,0
17283236,1
17324206,0
17291439,1
17307824,1
17299632,1
17299634,1
17316017,1
17316019,0
17291445,1
17283246,0
17307831,1
17299640,0
17291449,0
17316023,0
17316025,1
17283252,1
17283224,0
17283254,0
17291455,1
17299647,0
17316031,1
17283258,1
17299651,1
17316035,1
17291461,1
17283266,1
17291463,0
17283272,1
17299657,0
17291467,0
17283276,1
17291469,0
17283282,1
17291475,0
17291481,0
17283230,1
17291485,1
17291491,0
17307890,0
17307892,1
17307896,1
17316089,1
17316091,1
17307899,1
17307902,1
17316095,1
17324288,1
17316097,0
17324292,0
17316103,0
17307912,0
17324298,1
17299723,1
17324300,1
17299725,0
17316107,1
17307917,1
17307919,0
17299729,1
17316114,0
17299731,0
17316116,1
17307924,0
17324310,0
17307926,1
17316120,0
17299737,1
17316122,0
17291547,1
17307931,1
17291549,1
17324317,1
17299743,1
17316128,0
17291553,1
17291554,1
17299747,1
17283360,1
17307938,0
17316134,0
17283365,1
17291560,1
17324328,1
17324330,0
17299753,1
17283372,0
17299758,0
17291567,0
17324337,0
17299761,0
17291571,0
17324340,0
17299765,0
17283378,1
17299767,0
17283380,1
17291577,0
17283384,1
17283386,0
17299773,0
17324350,0
17291583,0
17283392,1
17291585,0
17299780,1
17291589,0
17324358,0
17291591,0
17299784,1
17283398,1
17283402,0
17291597,0
17299791,1
17283408,1
17291603,1
17291607,0
17291613,0
17307997,1
17316191,1
17307999,0
17316193,0
17308004,1
17316197,1
17308006,1
17316199,1
17308011,0
17316205,0
17316209,1
17283260,0
17308020,0
17316215,1
17308024,0
17316217,0
17308026,0
17316221,1
17316224,0
17308033,0
17308035,1
17316230,1
17283463,1
17308040,1
17299849,1
17283464,1
17299851,1
17316235,0
17283469,0
17299856,1
17308049,0
17299858,0
17283472,1
17283478,0
17299864,0
17283484,1
17291679,0
17324447,1
17291681,0
17299871,0
17324451,0
17299875,1
17291685,0
17283494,0
17291687,1
17283488,1
17324457,0
17299883,1
17283500,0
17291693,0
17324461,1
17283502,1
17299889,1
17283506,1
17291699,1
17299891,1
17283508,0
17291703,0
17324471,1
17299895,1
17299897,1
17283514,0
17291709,1
17324480,1
17299904,1
17283521,1
17291715,1
17316292,1
17291717,1
17299909,0
17316294,1
17283526,0
17291721,0
17299914,0
17291723,1
17316298,0
17316300,1
17283532,0
17308109,0
17324496,0
17291729,1
17324498,1
17299920,0
17316306,0
17308111,0
17316310,1
17291735,0
17324504,0
17308115,1
17308118,0
17291739,0
17324508,0
17316316,0
17316317,1
17308124,1
17291745,1
17316321,1
17308129,1
17324516,1
17316324,0
17308135,1
17308138,1
17324524,0
17316332,1
17308143,1
17316336,0
17308145,0
17308152,0
17308157,1
17283588,1
17283591,1
17299978,0
17283595,0
17299980,0
17283598,0
17299984,1
17299986,0
17283606,0
17291799,0
17291801,1
17299993,1
17291806,1
17299999,1
17291808,1
17283614,1
17283618,0
17300003,1
17291814,0
17300009,0
17283625,0
17291820,1
17291824,0
17300017,1
17283632,1
17283634,0
17300020,1
17291830,0
17283638,1
17324600,1
17300024,1
17324602,1
17300027,1
17291836,0
17291837,1
17324605,1
17316408,0
17316410,1
17324609,0
17300033,1
17291843,0
17316414,0
17291845,1
17316416,0
17316423,1
17300040,0
17283652,0
17283656,1
17291851,0
17324619,1
17300044,1
17316427,1
17283662,1
17308234,0
17291857,0
17324625,0
17300050,1
17291860,1
17316436,0
17316438,0
17308239,0
17308245,1
17316441,0
17308248,0
17291867,0
17324635,0
17316444,0
17324638,0
17308252,1
17308256,0
17316450,0
17324644,0
17316454,0
17324647,0
17308262,1
17308267,1
17324655,1
17324662,0
17283717,0
17283719,0
17300108,0
17283724,1
17300110,0
17283726,1
17291922,0
17300115,0
17291924,1
17300117,0
17283732,1
17291927,1
17291930,1
17300123,1
17283738,1
17316510,1
17283742,0
17291936,0
17300129,1
17316512,1
17316516,1
17300133,1
17291942,0
17316518,1
17283748,1
17308328,0
17291946,1
17308330,0
17300140,1
17316524,0
17300142,1
17283757,0
17291952,1
17316528,1
17300146,0
17300147,1
17283760,1
17283765,1
17291958,0
17316534,1
17291960,0
17300152,0
17300154,0
17316536,1
17291964,1
17316540,1
17291966,0
17316542,1
17300160,1
17283775,1
17308349,0
17324739,1
17291972,0
17324741,1
17300164,0
17300165,1
17316548,0
17316552,0
17291978,1
17324747,0
17300170,0
17283782,0
17291982,0
17324750,0
17300176,0
17300177,0
17283792,1
17283786,0
17291988,0
17324757,0
17308372,1
17308377,1
17324765,0
17317525,0
17324775,0
17324777,0
17324783,0
17324786,1
17283338,1
17324796,1
17317531,0
17316608,0
17316610,0
17324803,1
17283340,0
17300230,0
17316614,0
17316616,0
17300233,0
17317533,0
17292045,1
17300237,1
17292047,0
17300239,0
17316624,1
17292050,1
17292053,1
17300245,1
17316629,0
17283861,1
17283344,1
17300250,0
17292059,0
17300252,1
17316635,0
17316637,1
17283863,1
17300256,1
17292065,1
17316641,1
17316643,0
17283346,0
17292069,0
17300262,1
17283875,1
17300264,1
17308456,0
17316649,0
17292075,0
17308459,1
17300268,0
17300270,0
17308463,0
17316653,0
17292081,0
17308465,0
17292083,0
17308468,0
17300274,1
17300276,0
17292087,1
17283893,0
17292089,1
17300282,1
17283899,0
17300285,1
17308477,1
17292095,1
17300288,0
17308481,1
17283352,1
17308483,0
17292100,1
17300292,0
17283901,1
17292103,1
17308487,0
17308489,0
17300298,0
17283907,1
17283913,0
17300301,0
17324878,1
17292111,0
17308493,0
17324881,1
17283919,0
17283923,0
17308501,1
17324888,0
17283929,0
17324890,0
17324895,1
17324900,0
17316711,1
17316713,1
17324907,0
17316717,1
17324910,0
17316720,1
17324918,1
17316726,1
17324920,1
17316730,0
17324926,1
17316736,0
17324930,1
17316738,0
17300357,0
17292166,0
17300359,1
17292168,1
17324936,0
17308554,1
17324939,0
17292172,1
17308557,0
17292174,0
17300363,1
17324944,1
17308561,1
17300365,0
17308563,1
17292180,0
17324948,0
17300369,0
17308567,0
17300375,0
17316754,0
17292186,1
17283990,1
17283992,1
17283997,0
17292190,1
17308575,0
17300383,0
17308579,0
17292196,1
17308581,0
17300389,0
17284004,0
17284007,1
17308585,1
17292202,1
17308587,1
17292204,1
17300393,1
17300394,0
17308591,0
17292208,0
17292209,1
17300399,0
17300400,1
17284014,1
17300405,0
17308598,1
17284020,0
17292216,0
17284022,1
17284026,1
17300411,0
17292222,1
17284030,1
17292226,0
17300419,0
17284037,1
17292233,0
17300425,1
17316809,1
17316811,1
17284043,1
17316815,0
17316816,0
17284047,1
17284053,0
17316823,1
17316827,1
17316833,0
17316835,0
17316839,0
17316841,0
17308652,1
17308654,0
17316847,1
17308658,0
17308659,0
17316851,1
17308664,0
17325050,1
17325055,0
17308672,1
17292289,0
17292291,1
17325060,1
17308675,1
17308678,1
17292295,0
17325064,0
17292297,0
17308682,0
17300491,0
17308684,1
17292301,1
17300493,1
17308687,1
17284108,0
17325073,1
17300497,0
17292307,0
17300499,1
17325077,1
17284110,0
17300503,1
17308696,0
17284114,0
17325082,0
17292315,0
17284116,1
17300509,0
17325086,1
17284124,0
17292320,1
17284130,1
17292325,0
17325094,0
17292327,1
17325096,1
17300518,1
17316905,0
17292331,0
17300524,1
17292333,0
17325102,0
17316907,1
17300528,0
17292337,1
17325105,0
17300529,1
17316911,0
17316912,1
17300534,1
17292343,0
17300536,0
17316919,0
17325114,1
17316923,0
17284149,1
17325117,1
17300541,0
17292351,0
17284151,1
17316929,0
17284155,1
17316931,0
17300548,0
17292357,0
17325126,1
17316935,1
17284163,1
17325129,0
17316937,0
17284170,0
17300556,0
17308749,0
17284174,0
17308751,0
17316943,1
17300562,1
17308755,1
17316947,1
17308757,1
17284180,0
17308761,0
17308769,1
17308773,1
17308775,1
17308779,1
17308781,1
17308785,1
17308793,1
17292421,0
17300614,0
17292423,0
17300616,0
17292427,0
17300620,1
17292429,1
17300622,1
17317005,1
17317007,1
17292433,0
17300626,0
17317011,1
17284235,1
17317013,1
17284238,1
17292439,1
17325207,1
17300632,0
17284242,1
17317019,0
17325212,0
17284245,0
17284251,1
17292447,1
17317023,1
17325217,0
17300641,0
17284257,1
17325220,1
17292453,1
17317029,0
17300647,0
17292456,0
17317031,0
17325226,0
17292459,0
17300651,0
17325229,0
17300653,1
17308847,0
17292463,0
17308849,1
17292465,1
17300657,0
17308852,0
17292469,1
17325236,1
17325238,1
17300659,1
17308857,1
17300663,0
17292475,1
17317043,1
17308861,1
17325245,1
17300669,1
17317047,1
17325249,1
17284282,1
17292483,1
17284288,1
17308869,0
17300677,1
17284294,1
17308872,1
17325256,0
17292490,0
17308875,1
17325259,1
17300683,1
17284298,1
17308879,1
17284304,1
17308881,1
17325266,1
17308884,1
17325268,0
17325276,1
17308893,1
17325278,1
17317115,1
17317117,0
17292542,0
17300736,0
17292545,1
17300738,1
17317121,1
17317123,1
17292550,0
17300742,1
17300744,1
17292553,0
17317129,0
17284361,0
17300748,0
17292557,0
17317133,1
17284363,0
17284368,1
17300754,1
17292563,1
17284370,0
17317142,0
17317145,0
17300762,0
17292571,0
17317148,1
17308957,1
17317150,0
17308959,0
17300768,1
17292577,1
17284384,1
17308963,0
17300772,1
17308965,0
17292581,1
17292583,1
17308968,1
17300774,0
17300778,1
17292587,0
17325355,1
17292589,0
17325358,0
17300780,0
17317161,0
17308977,1
17292593,0
17325363,0
17300785,1
17308981,1
17317165,0
17308983,0
17292599,1
17325367,1
17300791,0
17308987,1
17325372,1
17308989,1
17300798,1
17292607,0
17325375,0
17308993,0
17284409,1
17284416,1
17300805,0
17284422,1
17292615,1
17325383,1
17309001,1
17325386,1
17284426,1
17284432,0
17325393,0
17325397,1
17317651,0
17325401,1
17325405,1
17325411,1
17325415,0
17317655,0
17325422,1
17325425,0
17317657,0
17300858,0
17300860,0
17309054,0
17292671,1
17309056,1
17292673,0
17300864,0
17300866,1
17309060,1
17292677,1
17309062,0
17292679,0
17284488,0
17300870,0
17309066,0
17292683,1
17284490,0
17300876,1
17284494,0
17317260,1
17284496,0
17292689,0
17309074,0
17317262,1
17284500,1
17300885,1
17309078,1
17317663,0
17309080,0
17292698,1
17317274,1
17309084,0
17284508,1
17309086,1
17300892,1
17292704,0
17300896,0
17284514,0
17292707,0
17309092,1
17300898,0
17292710,1
17284518,0
17300902,0
17300904,0
17292714,0
17304640,1
17292716,0
17309100,0
17284524,1
17284526,0
17292720,1
17300908,0
17284530,0
17300914,0
17284532,1
17317297,1
17292726,1
17317302,1
17325496,1
17284536,0
17325498,0
17300922,1
17292734,1
17325502,0
17317310,1
17284546,1
17325507,1
17292740,0
17300930,0
17317316,0
17284553,1
17325515,1
17325517,0
17284558,0
17325526,0
17325529,1
17325536,0
17309153,0
17325538,1
17309155,0
17309160,1
17309161,1
17325544,0
17325547,1
17309166,1
17325553,1
17325556,1
17309174,1
17300985,0
17292794,0
17309178,1
17292796,1
17309180,1
17325563,0
17325566,0
17292800,1
17309184,0
17292802,1
17309186,0
17300987,1
17300991,1
17292806,1
17309190,0
17300993,0
17300997,0
17301003,1
17292812,0
17317389,1
17309198,0
17317392,0
17284626,1
17292820,1
17284629,1
17301012,1
17317397,0
17284633,1
17292826,0
17284635,0
17301019,0
17317401,1
17292830,1
17301023,0
17292832,0
17284640,0
17301025,0
17317411,1
17292836,1
17301029,1
17292838,0
17301031,0
17317415,1
17284649,0
17292842,0
17301035,0
17284655,0
17292848,0
17317423,1
17301042,1
17284659,1
17317427,1
17292857,0
17284665,0
17284667,0
17301050,1
17317433,0
17317434,0
17284671,1
17292864,0
17309249,0
17284673,1
17301056,1
17309252,1
17284676,0
17317443,0
17309256,0
17317449,1
17309258,1
17284685,0
17309262,0
17325648,0
17325650,0
17284691,1
17309270,0
17284695,1
17325654,0
17325657,0
17309274,1
17309276,1
17325663,1
17309280,1
17309281,0
17325666,1
17309286,0
17325673,0
17309294,1
17292917,1
17325686,0
17292919,0
17301109,0
17301111,1
17325690,1
17301115,0
17292924,1
17292925,1
17301117,0
17325697,1
17292930,0
17301121,1
17325701,1
17301127,1
17292936,1
17325706,1
17325711,0
17292944,1
17301135,1
17284754,0
17317523,0
17284756,0
17301141,1
17292950,0
17325718,0
17284760,0
17301145,1
17292954,1
17292955,1
17325722,0
17284762,0
17284766,0
17301147,0
17292960,1
17301150,0
17292962,0
17309346,0
17309348,0
17301153,0
17292966,1
17284774,0
17309352,0
17301157,1
17309354,1
17301163,0
17292972,0
17284780,1
17309358,1
17317543,0
17284784,0
17317547,1
17317553,1
17292979,0
17301171,0
17317555,1
17309366,0
17284790,0
17284792,0
17301177,1
17292986,0
17309370,0
17309372,1
17284796,0
17284797,0
17317559,1
17309376,0
17317561,0
17309378,0
17284802,0
17317567,1
17317571,0
17309382,0
17284810,1
17309391,0
17284816,1
17284820,0
17293038,1
17325810,1
17293044,1
17325812,0
17325816,0
17317625,1
17293050,0
17325819,1
17301242,0
17301244,0
17317627,1
17317631,0
17293056,1
17325825,1
17301248,0
17309443,0
17301250,1
17309445,0
17325829,1
17301254,0
17317633,0
17309449,0
17317639,1
17309451,1
17284876,0
17325837,0
17284878,1
17309455,1
17325839,1
17301260,1
17293074,0
17284883,1
17301268,0
17317649,0
17284886,1
17325847,0
17293080,1
17309464,0
17325850,1
17284890,0
17309468,0
17301274,1
17293086,0
17309470,0
17301278,0
17301280,0
17309474,1
17284898,0
17293092,1
17309476,0
17325858,0
17325861,1
17309480,0
17284903,1
17301284,0
17284907,1
17325867,0
17325869,0
17301286,1
17301289,1
17309488,0
17301296,1
17284915,1
17325877,1
17284917,0
17283240,1
17301304,1
17325881,1
17284921,1
17284924,1
17301310,0
17284928,1
17284936,0
17284942,0
17284946,0
17317727,0
17317730,1
17309540,0
17309542,0
17317735,1
17317737,0
17309546,0
17309548,1
17309551,1
17317743,0
17293170,0
17301362,0
17301364,1
17317747,0
17293176,1
17309560,0
17301368,0
17301370,1
17309564,0
17317753,0
17293182,1
17309566,0
17301374,0
17317755,1
17309570,1
17317759,0
17293188,1
17301380,1
17309574,0
17317761,0
17317768,0
17285003,1
17309580,1
17301388,0
17285006,0
17317774,0
17301394,1
17285011,1
17309588,0
17325973,1
17293206,0
17325975,1
17285014,1
17301397,0
17285018,1
17301400,0
17293212,1
17301404,1
17325982,0
17301406,1
17325985,1
17293218,1
17301410,1
17285028,1
17325991,1
17293224,0
17301417,1
17325994,1
17285034,0
17285038,0
17301425,1
17326002,0
17285044,0
17326005,0
17285046,1
17301431,1
17304746,0
17326009,1
17285050,0
17326011,1
17285052,0
17326015,0
17326017,1
17285057,1
17326023,1
17309640,0
17285064,0
17309642,1
17326026,0
17304750,1
17309646,0
17285071,0
17309648,0
17326034,1
17285075,1
17309652,1
17317843,1
17326038,0
17304752,1
17317844,1
17317850,0
17309660,1
17317852,1
17309663,0
17309666,1
17317859,1
17309670,1
17317863,0
17309672,1
17293291,1
17309676,1
17301484,1
17301486,0
17317869,1
17317871,1
17293297,1
17301490,1
17309684,1
17301492,0
17293302,0
17304758,0
17301496,0
17317876,1
17317878,1
17293309,0
17301502,1
